{
  "model_name": "CNN_Attention",
  "test_accuracy": 0.9940468257141588,
  "test_precision": 0.9845243513882567,
  "test_recall": 0.9849726775956285,
  "test_specificity": 0.9962466191974388,
  "test_f1": 0.9847484634646028,
  "test_auc_roc": 0.999400947826177,
  "confusion_matrix": [
    [
      18049,
      68
    ],
    [
      66,
      4326
    ]
  ],
  "training_history": {
    "train_loss": [
      0.11459211059049766,
      0.06764608054695555,
      0.05633017052973947,
      0.04954598428551596,
      0.042865508046925606,
      0.03936768206095503,
      0.03543818931394225,
      0.03288856389710941,
      0.02938962295315817,
      0.028343482257772494,
      0.02798813243034913,
      0.02598291470405341,
      0.024299283057870675,
      0.023434846686416565,
      0.02253645677490835,
      0.022364506142518826,
      0.020076811561506,
      0.019682816896897826,
      0.02121985327725586,
      0.019015491834485438,
      0.018749492733222968,
      0.018524581997217352,
      0.017948267369593852,
      0.017805965983230775,
      0.017399920154686246,
      0.016486892840696304,
      0.016350008859915586,
      0.016851967852676123,
      0.01664901645306046,
      0.01547089034288486,
      0.01492130767778112,
      0.015225465010398632,
      0.01481147463745824,
      0.01482479538657924,
      0.014710247557087105,
      0.014881101960905155,
      0.015102952422983186,
      0.010140686068326282,
      0.008956157080413172,
      0.008645095205332019,
      0.008401782895835354,
      0.008555821132466519,
      0.007825360772353619,
      0.007825621635432562,
      0.006156895282786226,
      0.004559361849741486,
      0.004608818013085845,
      0.004436394112595609,
      0.0039006149581913754,
      0.004675966404958101
    ],
    "train_acc": [
      96.07730402853821,
      97.94718342066406,
      98.26340341569862,
      98.45418076807485,
      98.7089861359746,
      98.8357354728273,
      98.91152373610004,
      98.97293836323485,
      99.07355381620039,
      99.141501914307,
      99.12843497236342,
      99.18592951691515,
      99.21729017757974,
      99.23166381371767,
      99.30745207699042,
      99.2865449698807,
      99.34926629120987,
      99.38062695187445,
      99.31529224215657,
      99.38193364606882,
      99.40153405898418,
      99.41721438931647,
      99.44465496739798,
      99.42897463706569,
      99.43420141384311,
      99.47078885128514,
      99.48516248742307,
      99.44988174417541,
      99.49561604097794,
      99.52174992486508,
      99.50998967711587,
      99.50606959453279,
      99.55180389133531,
      99.50214951194972,
      99.53220347841994,
      99.53743025519738,
      99.50476290033843,
      99.67724653399365,
      99.70599380626952,
      99.7125272772413,
      99.72428752499053,
      99.72428752499053,
      99.73866116112846,
      99.72036744240745,
      99.78570215212534,
      99.84189000248271,
      99.84319669667708,
      99.84711677926015,
      99.86802388636987,
      99.84189000248271
    ],
    "val_loss": [
      0.061094878836981864,
      0.044880239552918415,
      0.04788660365109355,
      0.05475859335749179,
      0.040133096603016165,
      0.03368558140121919,
      0.05053230794085594,
      0.02939298354103984,
      0.032270192578721164,
      0.03483519129164464,
      0.024755433100098458,
      0.0243026205829037,
      0.03107339664840623,
      0.02720519330000409,
      0.02380679630193168,
      0.0245136738129799,
      0.04079828590378723,
      0.024618460092674026,
      0.023033725803526146,
      0.0352758108571477,
      0.02341694048455883,
      0.021078508645913884,
      0.02390998742939851,
      0.02172767093468977,
      0.025099015809745162,
      0.020576025570533143,
      0.025133075164326897,
      0.0209794604576689,
      0.024882397220197583,
      0.0210604682287561,
      0.020321485729861404,
      0.02844369976369856,
      0.021527703823716448,
      0.024026384804532015,
      0.022084015881812368,
      0.02115286781602622,
      0.023269153235171057,
      0.01914791660219011,
      0.019734744326881618,
      0.02452911399090243,
      0.020462479152385343,
      0.019628622960320898,
      0.022059657498894453,
      0.02143713043957913,
      0.020191787655452292,
      0.024233038771878355,
      0.02369496363224884,
      0.02366135440469729,
      0.025016464069000235,
      0.029831362068457268
    ],
    "val_acc": [
      97.83059381015845,
      98.54879312897971,
      98.33407374500221,
      98.3044572782467,
      98.88938249666815,
      98.85236191322375,
      98.6598548793129,
      99.10410188064564,
      99.03006071375685,
      98.8005330964016,
      99.081889530579,
      99.16333481415667,
      99.0448689471346,
      99.05227306382349,
      99.22997186435659,
      99.13371834740116,
      98.837553679846,
      99.2225677476677,
      99.24478009773433,
      98.85976602991263,
      99.19295128091218,
      99.28920479786761,
      99.28180068117874,
      99.26699244780097,
      99.2225677476677,
      99.33362949800089,
      99.10410188064564,
      99.24478009773433,
      99.16333481415667,
      99.34103361468976,
      99.26699244780097,
      99.26699244780097,
      99.34843773137865,
      99.28920479786761,
      99.27439656448986,
      99.25218421442322,
      99.23737598104546,
      99.41507478157855,
      99.39286243151192,
      99.2225677476677,
      99.37065008144528,
      99.39286243151192,
      99.35584184806753,
      99.38545831482304,
      99.40767066488968,
      99.35584184806753,
      99.34103361468976,
      99.34103361468976,
      99.40767066488968,
      99.34843773137865
    ]
  }
}