Metric,Value
Accuracy,0.9940468257141588
Precision,0.9845243513882567
Recall,0.9849726775956285
Specificity,0.9962466191974388
F1-Score,0.9847484634646028
AUC-ROC,0.999400947826177
